{"partition":{"per_host_zoom_levels":{}},"plugins":{"plugins_list":[]},"profile":{"content_settings":{"exceptions":{"accessibility_events":{},"app_banner":{},"auto_select_certificate":{},"automatic_downloads":{},"autoplay":{},"background_sync":{},"bluetooth_guard":{},"client_hints":{},"clipboard":{},"cookies":{},"durable_storage":{},"flash_data":{},"geolocation":{},"images":{},"important_site_info":{},"javascript":{},"media_engagement":{},"media_stream_camera":{},"media_stream_mic":{},"midi_sysex":{},"mixed_script":{},"notifications":{},"password_protection":{},"payment_handler":{},"permission_autoblocking_data":{},"plugins":{},"popups":{},"ppapi_broker":{},"protocol_handler":{},"sensors":{},"site_engagement":{},"sound":{},"ssl_cert_decisions":{},"subresource_filter":{},"subresource_filter_data":{},"usb_chooser_data":{},"usb_guard":{}},"pref_version":1}}}